model,r2,rmse,mae
Linear Regression,0.8791689002231533,7877.969065830247,4616.974520465624
ANN,0.9676353668574206,4077.1834368791237,2174.9760020373137
